{
  "tokenizer":{
    "token_acc":0.9967176584,
    "token_p":0.9624186943,
    "token_r":0.9773102563,
    "token_f":0.969807313
  },
  "tok2vec":{

  },
  "trainable_lemmatizer":{
    "lemma_acc":0.7181927363
  },
  "morphologizer":{
    "pos_acc":0.332098709,
    "morph_acc":0.2132317073,
    "morph_micro_p":0.0620089787,
    "morph_micro_r":0.0536537995,
    "morph_micro_f":0.0575296108,
    "morph_per_feat":{
      "Aspect":{
        "p":0.0,
        "r":0.0,
        "f":0.0
      },
      "Mood":{
        "p":0.219844358,
        "r":0.120511909,
        "f":0.1556831228
      },
      "Voice":{
        "p":0.0,
        "r":0.0,
        "f":0.0
      },
      "Case":{
        "p":0.0,
        "r":0.0,
        "f":0.0
      },
      "Number":{
        "p":0.0754316445,
        "r":0.1940298507,
        "f":0.1086314073
      },
      "Polarity":{
        "p":0.0,
        "r":0.0,
        "f":0.0
      },
      "Gender":{
        "p":0.0,
        "r":0.0,
        "f":0.0
      },
      "Person":{
        "p":0.0884685784,
        "r":0.1112816577,
        "f":0.0985723997
      },
      "Tense":{
        "p":0.0,
        "r":0.0,
        "f":0.0
      },
      "VerbForm":{
        "p":0.0,
        "r":0.0,
        "f":0.0
      },
      "PronType":{
        "p":0.0134529148,
        "r":0.0014478764,
        "f":0.0026143791
      },
      "NumType":{
        "p":0.9300911854,
        "r":0.3740831296,
        "f":0.5335658239
      },
      "NumForm":{
        "p":0.0,
        "r":0.0,
        "f":0.0
      },
      "PunctSide":{
        "p":0.0,
        "r":0.0,
        "f":0.0
      },
      "PunctType":{
        "p":0.0,
        "r":0.0,
        "f":0.0
      },
      "Deixis":{
        "p":0.0,
        "r":0.0,
        "f":0.0
      },
      "Abbr":{
        "p":0.0,
        "r":0.0,
        "f":0.0
      },
      "Definite":{
        "p":0.0,
        "r":0.0,
        "f":0.0
      },
      "Typo":{
        "p":0.0,
        "r":0.0,
        "f":0.0
      },
      "Polite":{
        "p":0.0,
        "r":0.0,
        "f":0.0
      },
      "PrepCase":{
        "p":0.0,
        "r":0.0,
        "f":0.0
      },
      "Reflex":{
        "p":0.0,
        "r":0.0,
        "f":0.0
      },
      "Degree":{
        "p":0.0,
        "r":0.0,
        "f":0.0
      },
      "Clusivity":{
        "p":0.0,
        "r":0.0,
        "f":0.0
      },
      "PartType":{
        "p":0.0,
        "r":0.0,
        "f":0.0
      }
    }
  },
  "tagger":{
    "tag_acc":0.0529024791
  },
  "parser":{
    "sents_p":0.9417596035,
    "sents_r":0.9724888036,
    "sents_f":0.9568775574,
    "dep_uas":0.2554904338,
    "dep_las":0.0678319678,
    "dep_las_per_type":{
      "root":{
        "p":0.149068323,
        "r":0.1535508637,
        "f":0.1512763946
      },
      "advmod":{
        "p":0.0118069815,
        "r":0.0091053048,
        "f":0.0102816272
      },
      "case":{
        "p":0.0981996727,
        "r":0.0134168157,
        "f":0.0236081054
      },
      "compound":{
        "p":0.012987013,
        "r":0.003257329,
        "f":0.0052083333
      },
      "obj":{
        "p":0.0057336078,
        "r":0.065,
        "f":0.0105376925
      },
      "det":{
        "p":0.1635294118,
        "r":0.1083820663,
        "f":0.1303634232
      },
      "nsubj":{
        "p":0.0152996175,
        "r":0.0157825515,
        "f":0.0155373328
      },
      "nmod:poss":{
        "p":0.0,
        "r":0.0,
        "f":0.0
      },
      "obl":{
        "p":0.0303030303,
        "r":0.0063400576,
        "f":0.0104861773
      },
      "cc":{
        "p":0.1651254954,
        "r":0.1524390244,
        "f":0.1585288523
      },
      "conj":{
        "p":0.0485436893,
        "r":0.0790960452,
        "f":0.0601633004
      },
      "fixed":{
        "p":0.0234741784,
        "r":0.0111111111,
        "f":0.0150829563
      },
      "amod":{
        "p":0.0083043129,
        "r":0.0403120936,
        "f":0.013771657
      },
      "mark":{
        "p":0.0,
        "r":0.0,
        "f":0.0
      },
      "acl:relcl":{
        "p":0.0,
        "r":0.0,
        "f":0.0
      },
      "aux":{
        "p":0.0,
        "r":0.0,
        "f":0.0
      },
      "xcomp":{
        "p":0.0055555556,
        "r":0.0041493776,
        "f":0.0047505938
      },
      "flat":{
        "p":0.3365544818,
        "r":0.6106408706,
        "f":0.4339419979
      },
      "dep":{
        "p":0.0,
        "r":0.0,
        "f":0.0
      },
      "ccomp":{
        "p":0.0064516129,
        "r":0.0051020408,
        "f":0.0056980057
      },
      "nmod":{
        "p":0.0150659134,
        "r":0.0038591413,
        "f":0.0061443932
      },
      "advcl":{
        "p":0.0066592675,
        "r":0.0071428571,
        "f":0.0068925905
      },
      "appos":{
        "p":0.0122824974,
        "r":0.064171123,
        "f":0.0206185567
      },
      "discourse":{
        "p":0.0,
        "r":0.0,
        "f":0.0
      },
      "parataxis":{
        "p":0.0,
        "r":0.0,
        "f":0.0
      },
      "nummod":{
        "p":0.2310756972,
        "r":0.144638404,
        "f":0.1779141104
      },
      "expl":{
        "p":0.0,
        "r":0.0,
        "f":0.0
      },
      "obj:agent":{
        "p":0.0,
        "r":0.0,
        "f":0.0
      },
      "csubj":{
        "p":0.0,
        "r":0.0,
        "f":0.0
      },
      "cop":{
        "p":0.0,
        "r":0.0,
        "f":0.0
      },
      "acl":{
        "p":0.0,
        "r":0.0,
        "f":0.0
      },
      "list":{
        "p":0.0,
        "r":0.0,
        "f":0.0
      },
      "dislocated":{
        "p":0.0,
        "r":0.0,
        "f":0.0
      },
      "compound:redup":{
        "p":0.0,
        "r":0.0,
        "f":0.0
      },
      "obl:arg":{
        "p":0.0,
        "r":0.0,
        "f":0.0
      },
      "vocative":{
        "p":0.0,
        "r":0.0,
        "f":0.0
      },
      "expl:pass":{
        "p":0.0,
        "r":0.0,
        "f":0.0
      },
      "goeswith":{
        "p":0.0,
        "r":0.0,
        "f":0.0
      },
      "obl:agent":{
        "p":0.0,
        "r":0.0,
        "f":0.0
      },
      "orphan":{
        "p":0.0,
        "r":0.0,
        "f":0.0
      }
    }
  },
  "speed":10723.5975658658
}