{
  "tokenizer":{
    "token_acc":0.9973034762,
    "token_p":0.9278679876,
    "token_r":0.9680447679,
    "token_f":0.9475306794
  },
  "tok2vec":{

  },
  "trainable_lemmatizer":{
    "lemma_acc":0.6564464112
  },
  "morphologizer":{
    "pos_acc":0.4038174048,
    "morph_acc":0.5014789742,
    "morph_micro_p":0.2364189483,
    "morph_micro_r":0.0440236303,
    "morph_micro_f":0.0742256788,
    "morph_per_feat":{
      "Aspect":{
        "p":0.0,
        "r":0.0,
        "f":0.0
      },
      "Mood":{
        "p":0.1737704918,
        "r":0.0376821898,
        "f":0.061933976
      },
      "Voice":{
        "p":0.3147540984,
        "r":0.0683274021,
        "f":0.1122807018
      },
      "Case":{
        "p":0.0,
        "r":0.0,
        "f":0.0
      },
      "Number":{
        "p":0.1261595547,
        "r":0.0990171096,
        "f":0.1109524781
      },
      "Person":{
        "p":0.985915493,
        "r":0.0537221796,
        "f":0.1018922853
      },
      "PronType":{
        "p":0.1627906977,
        "r":0.0337837838,
        "f":0.0559552358
      },
      "Definite":{
        "p":0.0,
        "r":0.0,
        "f":0.0
      },
      "NumType":{
        "p":0.9691011236,
        "r":0.4217603912,
        "f":0.5877342419
      },
      "Deixis":{
        "p":0.0,
        "r":0.0,
        "f":0.0
      },
      "Abbr":{
        "p":0.0,
        "r":0.0,
        "f":0.0
      },
      "Polarity":{
        "p":0.0,
        "r":0.0,
        "f":0.0
      },
      "Typo":{
        "p":0.0,
        "r":0.0,
        "f":0.0
      },
      "Degree":{
        "p":0.0,
        "r":0.0,
        "f":0.0
      },
      "Clusivity":{
        "p":0.9705882353,
        "r":0.1746031746,
        "f":0.2959641256
      },
      "PartType":{
        "p":0.0,
        "r":0.0,
        "f":0.0
      },
      "Foreign":{
        "p":0.0,
        "r":0.0,
        "f":0.0
      },
      "Polite":{
        "p":0.0,
        "r":0.0,
        "f":0.0
      }
    }
  },
  "tagger":{
    "tag_acc":0.0000602519
  },
  "parser":{
    "sents_p":0.8832638475,
    "sents_r":0.9488163788,
    "sents_f":0.9148673658,
    "dep_uas":0.2620811937,
    "dep_las":0.0766933102,
    "dep_las_per_type":{
      "root":{
        "p":0.213476446,
        "r":0.2290467051,
        "f":0.2209876543
      },
      "advmod":{
        "p":0.047008547,
        "r":0.004354711,
        "f":0.0079710145
      },
      "case":{
        "p":0.5697802198,
        "r":0.2318872987,
        "f":0.3296249205
      },
      "compound":{
        "p":0.0012345679,
        "r":0.0228013029,
        "f":0.0023423122
      },
      "obj":{
        "p":0.0241477273,
        "r":0.0566666667,
        "f":0.0338645418
      },
      "det":{
        "p":0.4007585335,
        "r":0.1235867446,
        "f":0.1889153754
      },
      "nsubj":{
        "p":0.0100925147,
        "r":0.0052608505,
        "f":0.0069164265
      },
      "nmod:poss":{
        "p":0.0,
        "r":0.0,
        "f":0.0
      },
      "obl":{
        "p":0.0970625798,
        "r":0.0438040346,
        "f":0.0603653693
      },
      "cc":{
        "p":0.0,
        "r":0.0,
        "f":0.0
      },
      "conj":{
        "p":0.0499194847,
        "r":0.0350282486,
        "f":0.0411686587
      },
      "fixed":{
        "p":0.0,
        "r":0.0,
        "f":0.0
      },
      "amod":{
        "p":0.0192159877,
        "r":0.0325097529,
        "f":0.0241545894
      },
      "mark":{
        "p":0.0202020202,
        "r":0.001310616,
        "f":0.0024615385
      },
      "acl:relcl":{
        "p":0.037037037,
        "r":0.001345895,
        "f":0.0025974026
      },
      "flat:name":{
        "p":0.0,
        "r":0.0,
        "f":0.0
      },
      "nmod":{
        "p":0.0389489954,
        "r":0.1215629522,
        "f":0.058995669
      },
      "dep":{
        "p":0.0,
        "r":0.0,
        "f":0.0
      },
      "acl":{
        "p":0.0,
        "r":0.0,
        "f":0.0
      },
      "appos":{
        "p":0.0635400908,
        "r":0.2245989305,
        "f":0.0990566038
      },
      "nummod":{
        "p":0.1715481172,
        "r":0.2044887781,
        "f":0.1865756542
      },
      "ccomp":{
        "p":0.03125,
        "r":0.0025510204,
        "f":0.0047169811
      },
      "advcl":{
        "p":0.0085470085,
        "r":0.0023809524,
        "f":0.0037243948
      },
      "flat":{
        "p":0.0357142857,
        "r":0.0012091898,
        "f":0.0023391813
      },
      "nsubj:pass":{
        "p":0.0,
        "r":0.0,
        "f":0.0
      },
      "discourse":{
        "p":0.0,
        "r":0.0,
        "f":0.0
      },
      "parataxis":{
        "p":0.0,
        "r":0.0,
        "f":0.0
      },
      "obj:agent":{
        "p":0.0,
        "r":0.0,
        "f":0.0
      },
      "xcomp":{
        "p":0.0175953079,
        "r":0.0248962656,
        "f":0.0206185567
      },
      "aux":{
        "p":0.0,
        "r":0.0,
        "f":0.0
      },
      "list":{
        "p":0.0,
        "r":0.0,
        "f":0.0
      },
      "dislocated":{
        "p":0.0,
        "r":0.0,
        "f":0.0
      },
      "compound:redup":{
        "p":0.0,
        "r":0.0,
        "f":0.0
      },
      "nmod:tmod":{
        "p":0.0,
        "r":0.0,
        "f":0.0
      },
      "vocative":{
        "p":0.0,
        "r":0.0,
        "f":0.0
      },
      "flat:foreign":{
        "p":0.0,
        "r":0.0,
        "f":0.0
      },
      "obl:tmod":{
        "p":0.0,
        "r":0.0,
        "f":0.0
      },
      "goeswith":{
        "p":0.0,
        "r":0.0,
        "f":0.0
      },
      "cop":{
        "p":0.0,
        "r":0.0,
        "f":0.0
      },
      "orphan":{
        "p":0.0,
        "r":0.0,
        "f":0.0
      }
    }
  },
  "speed":10190.6731064617
}