{
  "tokenizer":{
    "token_acc":0.9962925821,
    "token_p":0.9766615006,
    "token_r":0.9827839276,
    "token_f":0.9797131491
  },
  "tok2vec":{

  },
  "trainable_lemmatizer":{
    "lemma_acc":0.6457445671
  },
  "morphologizer":{
    "pos_acc":0.3406193635,
    "morph_acc":0.2180766405,
    "morph_micro_p":0.0324532195,
    "morph_micro_r":0.0560006474,
    "morph_micro_f":0.0410926366,
    "morph_per_feat":{
      "Aspect":{
        "p":0.0,
        "r":0.0,
        "f":0.0
      },
      "Mood":{
        "p":0.1452879581,
        "r":0.0394596516,
        "f":0.0620631814
      },
      "Voice":{
        "p":0.0,
        "r":0.0,
        "f":0.0
      },
      "Case":{
        "p":0.000481232,
        "r":0.000254972,
        "f":0.0003333333
      },
      "Number":{
        "p":0.0988385598,
        "r":0.3097925009,
        "f":0.1498635203
      },
      "Degree":{
        "p":0.0,
        "r":0.0,
        "f":0.0
      },
      "Definite":{
        "p":0.0,
        "r":0.0,
        "f":0.0
      },
      "Gender":{
        "p":0.0,
        "r":0.0,
        "f":0.0
      },
      "Abbr":{
        "p":0.0403530895,
        "r":0.2352941176,
        "f":0.0688912809
      },
      "Number[psor]":{
        "p":0.0,
        "r":0.0,
        "f":0.0
      },
      "Person":{
        "p":0.0164907652,
        "r":0.0383729854,
        "f":0.0230680507
      },
      "Poss":{
        "p":0.0,
        "r":0.0,
        "f":0.0
      },
      "PronType":{
        "p":0.0021853147,
        "r":0.0024131274,
        "f":0.002293578
      },
      "Tense":{
        "p":0.0,
        "r":0.0,
        "f":0.0
      },
      "VerbForm":{
        "p":0.0,
        "r":0.0,
        "f":0.0
      },
      "NumType":{
        "p":0.9406779661,
        "r":0.4070904645,
        "f":0.5682593857
      },
      "AdpType":{
        "p":0.0,
        "r":0.0,
        "f":0.0
      },
      "NumForm":{
        "p":0.0,
        "r":0.0,
        "f":0.0
      },
      "Deixis":{
        "p":0.0,
        "r":0.0,
        "f":0.0
      },
      "Polarity":{
        "p":0.0,
        "r":0.0,
        "f":0.0
      },
      "Typo":{
        "p":0.0,
        "r":0.0,
        "f":0.0
      },
      "Strength":{
        "p":0.0,
        "r":0.0,
        "f":0.0
      },
      "Variant":{
        "p":0.0,
        "r":0.0,
        "f":0.0
      },
      "Clusivity":{
        "p":0.0,
        "r":0.0,
        "f":0.0
      },
      "PartType":{
        "p":0.0,
        "r":0.0,
        "f":0.0
      },
      "Foreign":{
        "p":0.0,
        "r":0.0,
        "f":0.0
      },
      "Reflex":{
        "p":0.0,
        "r":0.0,
        "f":0.0
      },
      "Polite":{
        "p":0.0,
        "r":0.0,
        "f":0.0
      },
      "Position":{
        "p":0.0,
        "r":0.0,
        "f":0.0
      }
    }
  },
  "tagger":{
    "tag_acc":0.0
  },
  "parser":{
    "sents_p":0.95625,
    "sents_r":0.9788867562,
    "sents_f":0.9674359785,
    "dep_uas":0.2787004097,
    "dep_las":0.0916658241,
    "dep_las_per_type":{
      "root":{
        "p":0.1323713927,
        "r":0.134996801,
        "f":0.1336712068
      },
      "advmod":{
        "p":0.0289115646,
        "r":0.0134600158,
        "f":0.0183684495
      },
      "case":{
        "p":0.5511932256,
        "r":0.1601073345,
        "f":0.2481372379
      },
      "compound":{
        "p":0.0,
        "r":0.0,
        "f":0.0
      },
      "obj":{
        "p":0.0089034677,
        "r":0.0316666667,
        "f":0.013899049
      },
      "det":{
        "p":0.1672902191,
        "r":0.2440545809,
        "f":0.1985095925
      },
      "nsubj":{
        "p":0.0094428706,
        "r":0.0087680842,
        "f":0.0090929757
      },
      "nmod:poss":{
        "p":0.0,
        "r":0.0,
        "f":0.0
      },
      "obl":{
        "p":0.0044444444,
        "r":0.0005763689,
        "f":0.0010204082
      },
      "cc":{
        "p":0.0,
        "r":0.0,
        "f":0.0
      },
      "conj":{
        "p":0.0142729706,
        "r":0.0361581921,
        "f":0.0204669012
      },
      "fixed":{
        "p":0.0063694268,
        "r":0.0022222222,
        "f":0.0032948929
      },
      "amod":{
        "p":0.0042448615,
        "r":0.0247074122,
        "f":0.0072449952
      },
      "mark":{
        "p":0.0,
        "r":0.0,
        "f":0.0
      },
      "acl:relcl":{
        "p":0.0,
        "r":0.0,
        "f":0.0
      },
      "flat":{
        "p":0.2981927711,
        "r":0.4788391778,
        "f":0.3675174014
      },
      "aux":{
        "p":0.0,
        "r":0.0,
        "f":0.0
      },
      "nmod":{
        "p":0.0448541552,
        "r":0.0786300048,
        "f":0.0571228316
      },
      "ccomp":{
        "p":0.0,
        "r":0.0,
        "f":0.0
      },
      "advcl":{
        "p":0.0,
        "r":0.0,
        "f":0.0
      },
      "expl":{
        "p":0.0,
        "r":0.0,
        "f":0.0
      },
      "appos":{
        "p":0.0200892857,
        "r":0.0962566845,
        "f":0.0332409972
      },
      "discourse":{
        "p":0.0,
        "r":0.0,
        "f":0.0
      },
      "parataxis":{
        "p":0.0132450331,
        "r":0.012195122,
        "f":0.0126984127
      },
      "nummod":{
        "p":0.15,
        "r":0.1645885287,
        "f":0.1569560048
      },
      "dep":{
        "p":0.0,
        "r":0.0,
        "f":0.0
      },
      "acl":{
        "p":0.0,
        "r":0.0,
        "f":0.0
      },
      "obj:agent":{
        "p":0.0,
        "r":0.0,
        "f":0.0
      },
      "iobj":{
        "p":0.0,
        "r":0.0,
        "f":0.0
      },
      "obl:tmod":{
        "p":0.0,
        "r":0.0,
        "f":0.0
      },
      "cop":{
        "p":0.0,
        "r":0.0,
        "f":0.0
      },
      "obl:agent":{
        "p":0.0,
        "r":0.0,
        "f":0.0
      },
      "xcomp":{
        "p":0.0,
        "r":0.0,
        "f":0.0
      },
      "orphan":{
        "p":0.0,
        "r":0.0,
        "f":0.0
      },
      "list":{
        "p":0.0,
        "r":0.0,
        "f":0.0
      },
      "dislocated":{
        "p":0.0,
        "r":0.0,
        "f":0.0
      },
      "expl:pv":{
        "p":0.0,
        "r":0.0,
        "f":0.0
      },
      "goeswith":{
        "p":0.0,
        "r":0.0,
        "f":0.0
      },
      "compound:redup":{
        "p":0.0,
        "r":0.0,
        "f":0.0
      },
      "expl:poss":{
        "p":0.0,
        "r":0.0,
        "f":0.0
      },
      "obl:pmod":{
        "p":0.0,
        "r":0.0,
        "f":0.0
      },
      "cc:preconj":{
        "p":0.0,
        "r":0.0,
        "f":0.0
      },
      "vocative":{
        "p":0.0,
        "r":0.0,
        "f":0.0
      },
      "ccomp:pmod":{
        "p":0.0,
        "r":0.0,
        "f":0.0
      },
      "csubj":{
        "p":0.0,
        "r":0.0,
        "f":0.0
      },
      "expl:pass":{
        "p":0.0,
        "r":0.0,
        "f":0.0
      },
      "advcl:tcl":{
        "p":0.0,
        "r":0.0,
        "f":0.0
      },
      "nsubj:pass":{
        "p":0.0,
        "r":0.0,
        "f":0.0
      },
      "expl:impers":{
        "p":0.0,
        "r":0.0,
        "f":0.0
      },
      "advmod:tmod":{
        "p":0.0,
        "r":0.0,
        "f":0.0
      },
      "aux:pass":{
        "p":0.0,
        "r":0.0,
        "f":0.0
      }
    }
  },
  "speed":11784.1200635339
}