{
  "tokenizer":{
    "token_acc":0.9973034762,
    "token_p":0.9278679876,
    "token_r":0.9680447679,
    "token_f":0.9475306794
  },
  "tok2vec":{

  },
  "trainable_lemmatizer":{
    "lemma_acc":0.7378273783
  },
  "morphologizer":{
    "pos_acc":0.1134359067,
    "morph_acc":0.0880735054,
    "morph_micro_p":0.0347386604,
    "morph_micro_r":0.0219713523,
    "morph_micro_f":0.0269178337,
    "morph_per_feat":{
      "Aspect":{
        "p":0.1636363636,
        "r":0.0031994312,
        "f":0.0062761506
      },
      "Mood":{
        "p":0.2115384615,
        "r":0.0039104159,
        "f":0.0076788831
      },
      "Voice":{
        "p":0.0,
        "r":0.0,
        "f":0.0
      },
      "Case":{
        "p":0.0931477516,
        "r":0.01109128,
        "f":0.019822283
      },
      "Number":{
        "p":0.1762048193,
        "r":0.0425919185,
        "f":0.0686015831
      },
      "Foreign":{
        "p":0.0,
        "r":0.0,
        "f":0.0
      },
      "Person":{
        "p":0.2941176471,
        "r":0.0076745971,
        "f":0.0149588631
      },
      "PronType":{
        "p":0.5,
        "r":0.0004826255,
        "f":0.0009643202
      },
      "Tense":{
        "p":0.0,
        "r":0.0,
        "f":0.0
      },
      "VerbForm":{
        "p":0.0,
        "r":0.0,
        "f":0.0
      },
      "NumType":{
        "p":0.9305135952,
        "r":0.3765281174,
        "f":0.5361183638
      },
      "Animacy":{
        "p":0.0,
        "r":0.0,
        "f":0.0
      },
      "Gender":{
        "p":0.0,
        "r":0.0,
        "f":0.0
      },
      "Uninflect":{
        "p":0.0,
        "r":0.0,
        "f":0.0
      },
      "Deixis":{
        "p":0.0,
        "r":0.0,
        "f":0.0
      },
      "Abbr":{
        "p":0.0,
        "r":0.0,
        "f":0.0
      },
      "Polarity":{
        "p":0.0,
        "r":0.0,
        "f":0.0
      },
      "PunctType":{
        "p":0.0,
        "r":0.0,
        "f":0.0
      },
      "Degree":{
        "p":0.0,
        "r":0.0,
        "f":0.0
      },
      "Typo":{
        "p":0.0,
        "r":0.0,
        "f":0.0
      },
      "Clusivity":{
        "p":0.0,
        "r":0.0,
        "f":0.0
      },
      "PartType":{
        "p":0.0,
        "r":0.0,
        "f":0.0
      },
      "Polite":{
        "p":0.0,
        "r":0.0,
        "f":0.0
      },
      "Hyph":{
        "p":0.0,
        "r":0.0,
        "f":0.0
      },
      "NameType":{
        "p":0.0,
        "r":0.0,
        "f":0.0
      }
    }
  },
  "tagger":{
    "tag_acc":0.0
  },
  "parser":{
    "sents_p":0.9841269841,
    "sents_r":0.9916826615,
    "sents_f":0.987890376,
    "dep_uas":0.1425842336,
    "dep_las":0.0224355735,
    "dep_las_per_type":{
      "root":{
        "p":0.3543256997,
        "r":0.3563659629,
        "f":0.3553429027
      },
      "advmod":{
        "p":0.02,
        "r":0.0007917656,
        "f":0.0015232292
      },
      "case":{
        "p":0.0549450549,
        "r":0.001118068,
        "f":0.0021915407
      },
      "compound":{
        "p":0.0,
        "r":0.0,
        "f":0.0
      },
      "obj":{
        "p":0.0,
        "r":0.0,
        "f":0.0
      },
      "det":{
        "p":0.0057471264,
        "r":0.0003898635,
        "f":0.0007301935
      },
      "nsubj":{
        "p":0.0033557047,
        "r":0.0004384042,
        "f":0.0007754944
      },
      "nmod:poss":{
        "p":0.0,
        "r":0.0,
        "f":0.0
      },
      "obl":{
        "p":0.0,
        "r":0.0,
        "f":0.0
      },
      "cc":{
        "p":0.1428571429,
        "r":0.0280487805,
        "f":0.0468909276
      },
      "conj":{
        "p":0.0316122234,
        "r":0.0338983051,
        "f":0.0327153762
      },
      "fixed":{
        "p":0.0380952381,
        "r":0.0088888889,
        "f":0.0144144144
      },
      "amod":{
        "p":0.0123076923,
        "r":0.0052015605,
        "f":0.0073126143
      },
      "mark":{
        "p":0.119047619,
        "r":0.00327654,
        "f":0.006377551
      },
      "acl:relcl":{
        "p":0.0,
        "r":0.0,
        "f":0.0
      },
      "flat:foreign":{
        "p":0.0,
        "r":0.0,
        "f":0.0
      },
      "ccomp":{
        "p":0.0,
        "r":0.0,
        "f":0.0
      },
      "nmod":{
        "p":0.02,
        "r":0.00723589,
        "f":0.0106269926
      },
      "advcl":{
        "p":0.0,
        "r":0.0,
        "f":0.0
      },
      "flat":{
        "p":0.0,
        "r":0.0,
        "f":0.0
      },
      "discourse":{
        "p":0.0101010101,
        "r":0.0021052632,
        "f":0.0034843206
      },
      "parataxis":{
        "p":0.0071556351,
        "r":0.0243902439,
        "f":0.0110650069
      },
      "nummod":{
        "p":0.2553191489,
        "r":0.029925187,
        "f":0.0535714286
      },
      "obj:agent":{
        "p":0.0,
        "r":0.0,
        "f":0.0
      },
      "nummod:gov":{
        "p":0.0,
        "r":0.0,
        "f":0.0
      },
      "appos":{
        "p":0.0080645161,
        "r":0.0106951872,
        "f":0.0091954023
      },
      "flat:title":{
        "p":0.0,
        "r":0.0,
        "f":0.0
      },
      "dep":{
        "p":0.0,
        "r":0.0,
        "f":0.0
      },
      "xcomp":{
        "p":0.0,
        "r":0.0,
        "f":0.0
      },
      "orphan":{
        "p":0.0,
        "r":0.0,
        "f":0.0
      },
      "acl":{
        "p":0.0,
        "r":0.0,
        "f":0.0
      },
      "list":{
        "p":0.0,
        "r":0.0,
        "f":0.0
      },
      "flat:sibl":{
        "p":0.0,
        "r":0.0,
        "f":0.0
      },
      "dislocated":{
        "p":0.0,
        "r":0.0,
        "f":0.0
      },
      "compound:redup":{
        "p":0.0,
        "r":0.0,
        "f":0.0
      },
      "flat:repeat":{
        "p":0.0,
        "r":0.0,
        "f":0.0
      },
      "vocative":{
        "p":0.0,
        "r":0.0,
        "f":0.0
      },
      "xcomp:pred":{
        "p":0.0,
        "r":0.0,
        "f":0.0
      },
      "cop":{
        "p":0.0,
        "r":0.0,
        "f":0.0
      },
      "flat:range":{
        "p":0.0,
        "r":0.0,
        "f":0.0
      },
      "parataxis:discourse":{
        "p":0.0,
        "r":0.0,
        "f":0.0
      },
      "advmod:det":{
        "p":0.0,
        "r":0.0,
        "f":0.0
      },
      "iobj":{
        "p":0.0,
        "r":0.0,
        "f":0.0
      },
      "parataxis:rel":{
        "p":0.0,
        "r":0.0,
        "f":0.0
      },
      "csubj":{
        "p":0.0,
        "r":0.0,
        "f":0.0
      },
      "flat:name":{
        "p":0.0,
        "r":0.0,
        "f":0.0
      },
      "goeswith":{
        "p":0.0,
        "r":0.0,
        "f":0.0
      },
      "advcl:pred":{
        "p":0.0,
        "r":0.0,
        "f":0.0
      },
      "det:numgov":{
        "p":0.0,
        "r":0.0,
        "f":0.0
      }
    }
  },
  "speed":12158.9568093374
}