{
  "tokenizer":{
    "token_acc":1.0,
    "token_p":1.0,
    "token_r":1.0,
    "token_f":1.0
  },
  "transformer":{

  },
  "trainable_lemmatizer":{
    "lemma_acc":0.810626703
  },
  "morphologizer":{
    "pos_acc":0.7833787466,
    "morph_acc":0.7343324251,
    "morph_micro_p":0.8452722063,
    "morph_micro_r":0.7338308458,
    "morph_micro_f":0.7856191744,
    "morph_per_feat":{
      "Aspect":{
        "p":0.7391304348,
        "r":0.7083333333,
        "f":0.7234042553
      },
      "Mood":{
        "p":0.7608695652,
        "r":0.7291666667,
        "f":0.7446808511
      },
      "Voice":{
        "p":0.902173913,
        "r":0.8383838384,
        "f":0.8691099476
      },
      "Case":{
        "p":0.8616071429,
        "r":0.8772727273,
        "f":0.8693693694
      },
      "Number":{
        "p":0.7638888889,
        "r":0.9649122807,
        "f":0.8527131783
      },
      "Person":{
        "p":1.0,
        "r":1.0,
        "f":1.0
      },
      "PronType":{
        "p":0.9827586207,
        "r":0.7125,
        "f":0.8260869565
      },
      "Foreign":{
        "p":0.0,
        "r":0.0,
        "f":0.0
      },
      "Degree":{
        "p":0.0,
        "r":0.0,
        "f":0.0
      },
      "Deixis":{
        "p":1.0,
        "r":1.0,
        "f":1.0
      },
      "Gender":{
        "p":0.0,
        "r":0.0,
        "f":0.0
      },
      "Link":{
        "p":0.0,
        "r":0.0,
        "f":0.0
      },
      "Polarity":{
        "p":0.8181818182,
        "r":0.5,
        "f":0.6206896552
      },
      "Clusivity":{
        "p":1.0,
        "r":1.0,
        "f":1.0
      },
      "Reflex":{
        "p":0.0,
        "r":0.0,
        "f":0.0
      },
      "PartType":{
        "p":1.0,
        "r":0.1538461538,
        "f":0.2666666667
      }
    }
  },
  "tagger":{
    "tag_acc":0.5817438692
  },
  "parser":{
    "sents_p":1.0,
    "sents_r":1.0,
    "sents_f":1.0,
    "dep_uas":0.9552980132,
    "dep_las":0.6854304636,
    "dep_las_per_type":{
      "root":{
        "p":0.984375,
        "r":0.984375,
        "f":0.984375
      },
      "case":{
        "p":0.9864864865,
        "r":0.4124293785,
        "f":0.5816733068
      },
      "nsubj":{
        "p":0.6949152542,
        "r":0.8913043478,
        "f":0.780952381
      },
      "det":{
        "p":0.0761904762,
        "r":0.7272727273,
        "f":0.1379310345
      },
      "obj:agent":{
        "p":0.7105263158,
        "r":0.9642857143,
        "f":0.8181818182
      },
      "nsubj:pass":{
        "p":0.0,
        "r":0.0,
        "f":0.0
      },
      "obj":{
        "p":0.8,
        "r":0.7272727273,
        "f":0.7619047619
      },
      "advmod":{
        "p":0.675,
        "r":0.7105263158,
        "f":0.6923076923
      },
      "csubj":{
        "p":0.0,
        "r":0.0,
        "f":0.0
      },
      "nmod:poss":{
        "p":0.2857142857,
        "r":1.0,
        "f":0.4444444444
      },
      "compound:redup":{
        "p":0.0,
        "r":0.0,
        "f":0.0
      },
      "parataxis":{
        "p":0.0,
        "r":0.0,
        "f":0.0
      },
      "fixed":{
        "p":0.0,
        "r":0.0,
        "f":0.0
      },
      "mark":{
        "p":1.0,
        "r":1.0,
        "f":1.0
      },
      "advcl":{
        "p":0.8571428571,
        "r":1.0,
        "f":0.9230769231
      },
      "obl":{
        "p":0.8571428571,
        "r":0.8888888889,
        "f":0.8727272727
      },
      "iobj":{
        "p":0.0,
        "r":0.0,
        "f":0.0
      },
      "nsubj:lfoc":{
        "p":0.0,
        "r":0.0,
        "f":0.0
      },
      "flat":{
        "p":1.0,
        "r":1.0,
        "f":1.0
      },
      "nmod":{
        "p":0.25,
        "r":0.1428571429,
        "f":0.1818181818
      },
      "acl:relcl":{
        "p":1.0,
        "r":1.0,
        "f":1.0
      },
      "nsubj:ifoc":{
        "p":0.0,
        "r":0.0,
        "f":0.0
      },
      "ccomp":{
        "p":0.2,
        "r":0.5,
        "f":0.2857142857
      },
      "aux":{
        "p":0.0,
        "r":0.0,
        "f":0.0
      },
      "iobj:patient":{
        "p":0.0,
        "r":0.0,
        "f":0.0
      },
      "nsubj:bfoc":{
        "p":0.0,
        "r":0.0,
        "f":0.0
      },
      "xcomp":{
        "p":1.0,
        "r":0.3333333333,
        "f":0.5
      }
    }
  },
  "speed":191.5127654106
}