{
  "tokenizer":{
    "token_acc":0.9950884086,
    "token_p":0.9774066798,
    "token_r":0.9841740851,
    "token_f":0.9807787087
  },
  "transformer":{

  },
  "tagger":{
    "tag_acc":0.9756582216
  },
  "morphologizer":{
    "pos_acc":0.9786388475,
    "morph_acc":0.9910536779,
    "morph_micro_p":null,
    "morph_micro_r":null,
    "morph_micro_f":null,
    "morph_per_feat":null
  },
  "parser":{
    "sents_p":0.9583333333,
    "sents_r":0.9787234043,
    "sents_f":0.9684210526,
    "dep_uas":0.8905275099,
    "dep_las":0.5691609977,
    "dep_las_per_type":{
      "vocative":{
        "p":0.0,
        "r":0.0,
        "f":0.0
      },
      "advmod":{
        "p":1.0,
        "r":0.6666666667,
        "f":0.8
      },
      "mark":{
        "p":0.0,
        "r":0.0,
        "f":0.0
      },
      "nsubj":{
        "p":0.8888888889,
        "r":0.7912087912,
        "f":0.8372093023
      },
      "root":{
        "p":0.9052631579,
        "r":0.914893617,
        "f":0.9100529101
      },
      "case":{
        "p":0.9371428571,
        "r":0.9425287356,
        "f":0.9398280802
      },
      "obl":{
        "p":0.6851851852,
        "r":0.7872340426,
        "f":0.7326732673
      },
      "nmod":{
        "p":0.9402985075,
        "r":0.6923076923,
        "f":0.7974683544
      },
      "parataxis":{
        "p":0.0,
        "r":0.0,
        "f":0.0
      },
      "obj":{
        "p":0.9795918367,
        "r":0.8727272727,
        "f":0.9230769231
      },
      "dep":{
        "p":0.0,
        "r":0.0,
        "f":0.0
      },
      "discourse":{
        "p":0.0,
        "r":0.0,
        "f":0.0
      },
      "advcl":{
        "p":0.0,
        "r":0.0,
        "f":0.0
      },
      "cc":{
        "p":0.0,
        "r":0.0,
        "f":0.0
      },
      "conj":{
        "p":0.0,
        "r":0.0,
        "f":0.0
      },
      "nummod":{
        "p":0.0,
        "r":0.0,
        "f":0.0
      },
      "amod":{
        "p":0.0,
        "r":0.0,
        "f":0.0
      },
      "fixed":{
        "p":0.0,
        "r":0.0,
        "f":0.0
      },
      "acl":{
        "p":0.0,
        "r":0.0,
        "f":0.0
      },
      "det":{
        "p":0.0,
        "r":0.0,
        "f":0.0
      },
      "compound":{
        "p":0.0,
        "r":0.0,
        "f":0.0
      },
      "ccomp":{
        "p":0.0,
        "r":0.0,
        "f":0.0
      },
      "xcomp":{
        "p":0.0,
        "r":0.0,
        "f":0.0
      },
      "flat":{
        "p":0.0,
        "r":0.0,
        "f":0.0
      }
    }
  },
  "ner":{
    "ents_p":null,
    "ents_r":null,
    "ents_f":null,
    "ents_per_type":null
  },
  "speed":264.3927052861
}