{
  "tokenizer":{
    "token_acc":0.9950884086,
    "token_p":0.9774066798,
    "token_r":0.9841740851,
    "token_f":0.9807787087
  },
  "transformer":{

  },
  "trainable_lemmatizer":{
    "lemma_acc":0.8328387735
  },
  "morphologizer":{
    "pos_acc":0.8250497018,
    "morph_acc":0.5964214712,
    "morph_micro_p":null,
    "morph_micro_r":null,
    "morph_micro_f":null,
    "morph_per_feat":null
  },
  "tagger":{
    "tag_acc":0.4960238569
  },
  "parser":{
    "sents_p":1.0,
    "sents_r":1.0,
    "sents_f":1.0,
    "dep_uas":0.8277841561,
    "dep_las":0.6081468732,
    "dep_las_per_type":{
      "vocative":{
        "p":0.5,
        "r":0.5,
        "f":0.5
      },
      "advmod":{
        "p":0.6290322581,
        "r":0.8125,
        "f":0.7090909091
      },
      "mark":{
        "p":0.7826086957,
        "r":0.3461538462,
        "f":0.48
      },
      "nsubj":{
        "p":0.8085106383,
        "r":0.8351648352,
        "f":0.8216216216
      },
      "root":{
        "p":0.8936170213,
        "r":0.8936170213,
        "f":0.8936170213
      },
      "case":{
        "p":0.816,
        "r":0.5862068966,
        "f":0.6822742475
      },
      "obl":{
        "p":0.68,
        "r":0.7234042553,
        "f":0.7010309278
      },
      "nmod":{
        "p":0.6315789474,
        "r":0.3956043956,
        "f":0.4864864865
      },
      "parataxis":{
        "p":0.4,
        "r":0.5454545455,
        "f":0.4615384615
      },
      "obj":{
        "p":0.5833333333,
        "r":0.3818181818,
        "f":0.4615384615
      },
      "nmod:poss":{
        "p":0.0,
        "r":0.0,
        "f":0.0
      },
      "discourse":{
        "p":0.1428571429,
        "r":0.5,
        "f":0.2222222222
      },
      "advcl":{
        "p":0.3888888889,
        "r":0.6363636364,
        "f":0.4827586207
      },
      "det":{
        "p":0.196969697,
        "r":0.52,
        "f":0.2857142857
      },
      "obj:agent":{
        "p":0.0,
        "r":0.0,
        "f":0.0
      },
      "cc":{
        "p":0.9,
        "r":0.8181818182,
        "f":0.8571428571
      },
      "conj":{
        "p":0.8888888889,
        "r":0.7619047619,
        "f":0.8205128205
      },
      "nummod":{
        "p":0.75,
        "r":1.0,
        "f":0.8571428571
      },
      "amod":{
        "p":0.7741935484,
        "r":0.5581395349,
        "f":0.6486486486
      },
      "fixed":{
        "p":1.0,
        "r":0.7857142857,
        "f":0.88
      },
      "acl":{
        "p":0.0,
        "r":0.0,
        "f":0.0
      },
      "ccomp":{
        "p":0.2857142857,
        "r":1.0,
        "f":0.4444444444
      },
      "acl:relcl":{
        "p":0.0,
        "r":0.0,
        "f":0.0
      },
      "compound":{
        "p":0.3333333333,
        "r":0.05,
        "f":0.0869565217
      },
      "xcomp":{
        "p":0.25,
        "r":0.3333333333,
        "f":0.2857142857
      },
      "flat":{
        "p":0.25,
        "r":1.0,
        "f":0.4
      }
    }
  },
  "speed":255.0400732304
}