{
  "tokenizer":{
    "token_acc":0.9977388853,
    "token_p":0.9312562401,
    "token_r":0.9697572014,
    "token_f":0.9501168434
  },
  "tok2vec":{

  },
  "trainable_lemmatizer":{
    "lemma_acc":0.8978697212
  },
  "morphologizer":{
    "pos_acc":0.9470496467,
    "morph_acc":0.9493382297,
    "morph_micro_p":0.9572581323,
    "morph_micro_r":0.9216233714,
    "morph_micro_f":0.9391028284,
    "morph_per_feat":{
      "Aspect":{
        "p":0.9093283582,
        "r":0.8663348738,
        "f":0.8873111232
      },
      "Mood":{
        "p":0.938974167,
        "r":0.8915748311,
        "f":0.9146608315
      },
      "Voice":{
        "p":0.8145522388,
        "r":0.7768683274,
        "f":0.7952641166
      },
      "Case":{
        "p":0.9926697531,
        "r":0.9840642529,
        "f":0.9883482714
      },
      "Number":{
        "p":0.9923469388,
        "r":0.9912631962,
        "f":0.9918047714
      },
      "Person":{
        "p":0.99535244,
        "r":0.9861857252,
        "f":0.9907478797
      },
      "PronType":{
        "p":0.995004995,
        "r":0.9613899614,
        "f":0.9779086892
      },
      "NumType":{
        "p":0.9872881356,
        "r":0.8545232274,
        "f":0.9161205767
      },
      "Deixis":{
        "p":0.9872262774,
        "r":0.9001663894,
        "f":0.9416884247
      },
      "Abbr":{
        "p":1.0,
        "r":0.1176470588,
        "f":0.2105263158
      },
      "Polarity":{
        "p":1.0,
        "r":0.9443099274,
        "f":0.9713574097
      },
      "Typo":{
        "p":0.7142857143,
        "r":0.2127659574,
        "f":0.3278688525
      },
      "Degree":{
        "p":1.0,
        "r":0.4857142857,
        "f":0.6538461538
      },
      "Clusivity":{
        "p":1.0,
        "r":0.9894179894,
        "f":0.9946808511
      },
      "PartType":{
        "p":1.0,
        "r":0.9722222222,
        "f":0.985915493
      },
      "Polite":{
        "p":1.0,
        "r":0.9459459459,
        "f":0.9722222222
      }
    }
  },
  "tagger":{
    "tag_acc":0.9027586839
  },
  "parser":{
    "sents_p":0.9974424552,
    "sents_r":0.9980806142,
    "sents_f":0.9977614327,
    "dep_uas":0.8306157747,
    "dep_las":0.7620114721,
    "dep_las_per_type":{
      "root":{
        "p":0.8477287268,
        "r":0.8477287268,
        "f":0.8477287268
      },
      "advmod":{
        "p":0.8041446566,
        "r":0.7834520982,
        "f":0.7936635252
      },
      "case":{
        "p":0.9094847241,
        "r":0.8919946333,
        "f":0.9006547753
      },
      "compound":{
        "p":0.4337349398,
        "r":0.2345276873,
        "f":0.3044397463
      },
      "obj":{
        "p":0.7088414634,
        "r":0.775,
        "f":0.7404458599
      },
      "det":{
        "p":0.9465648855,
        "r":0.9185185185,
        "f":0.9323308271
      },
      "nsubj":{
        "p":0.8055674518,
        "r":0.8246383165,
        "f":0.8149913345
      },
      "nmod:poss":{
        "p":0.7996011964,
        "r":0.7718960539,
        "f":0.7855044074
      },
      "obl":{
        "p":0.6971916972,
        "r":0.6582132565,
        "f":0.6771420101
      },
      "cc":{
        "p":0.8509852217,
        "r":0.8426829268,
        "f":0.8468137255
      },
      "conj":{
        "p":0.6023454158,
        "r":0.6384180791,
        "f":0.6198573779
      },
      "fixed":{
        "p":0.6587771203,
        "r":0.7422222222,
        "f":0.698014629
      },
      "amod":{
        "p":0.7486413043,
        "r":0.7165149545,
        "f":0.7322259136
      },
      "mark":{
        "p":0.7946370177,
        "r":0.7961992136,
        "f":0.7954173486
      },
      "acl:relcl":{
        "p":0.6527196653,
        "r":0.6298788694,
        "f":0.6410958904
      },
      "nmod":{
        "p":0.5310805173,
        "r":0.6140858659,
        "f":0.5695749441
      },
      "ccomp":{
        "p":0.5433255269,
        "r":0.5918367347,
        "f":0.5665445665
      },
      "advcl":{
        "p":0.4523135033,
        "r":0.5702380952,
        "f":0.50447604
      },
      "flat":{
        "p":0.8188882247,
        "r":0.8282950423,
        "f":0.8235647731
      },
      "dep":{
        "p":0.1022727273,
        "r":0.2222222222,
        "f":0.140077821
      },
      "discourse":{
        "p":0.7695749441,
        "r":0.7242105263,
        "f":0.7462039046
      },
      "parataxis":{
        "p":0.3245033113,
        "r":0.2987804878,
        "f":0.3111111111
      },
      "nummod":{
        "p":0.835,
        "r":0.8329177057,
        "f":0.8339575531
      },
      "obj:agent":{
        "p":0.8039473684,
        "r":0.8346994536,
        "f":0.8190348525
      },
      "appos":{
        "p":0.4903225806,
        "r":0.4064171123,
        "f":0.4444444444
      },
      "xcomp":{
        "p":0.6201117318,
        "r":0.4605809129,
        "f":0.5285714286
      },
      "acl":{
        "p":0.2142857143,
        "r":0.06,
        "f":0.09375
      },
      "compound:redup":{
        "p":0.34,
        "r":0.3777777778,
        "f":0.3578947368
      },
      "dislocated":{
        "p":0.3225806452,
        "r":0.253164557,
        "f":0.2836879433
      },
      "list":{
        "p":0.125,
        "r":0.25,
        "f":0.1666666667
      },
      "vocative":{
        "p":0.7777777778,
        "r":0.4666666667,
        "f":0.5833333333
      },
      "orphan":{
        "p":0.0,
        "r":0.0,
        "f":0.0
      },
      "goeswith":{
        "p":0.0,
        "r":0.0,
        "f":0.0
      }
    }
  },
  "speed":10432.8816465748
}