{
  "tokenizer":{
    "token_acc":0.9977388853,
    "token_p":0.9312562401,
    "token_r":0.9697572014,
    "token_f":0.9501168434
  },
  "tok2vec":{

  },
  "trainable_lemmatizer":{
    "lemma_acc":0.9026030564
  },
  "morphologizer":{
    "pos_acc":0.9504574803,
    "morph_acc":0.9541099036,
    "morph_micro_p":0.961966062,
    "morph_micro_r":0.9312940034,
    "morph_micro_f":0.9463815789,
    "morph_per_feat":{
      "Aspect":{
        "p":0.9279146745,
        "r":0.8969072165,
        "f":0.9121475054
      },
      "Mood":{
        "p":0.9428887251,
        "r":0.9097049413,
        "f":0.9259996381
      },
      "Voice":{
        "p":0.8277511962,
        "r":0.8003558719,
        "f":0.8138230505
      },
      "Case":{
        "p":0.9935782173,
        "r":0.9862315145,
        "f":0.9898912348
      },
      "Number":{
        "p":0.9941648432,
        "r":0.9923552967,
        "f":0.9932592458
      },
      "Person":{
        "p":0.9984484096,
        "r":0.9877206447,
        "f":0.9930555556
      },
      "PronType":{
        "p":0.9970104634,
        "r":0.9657335907,
        "f":0.9811228242
      },
      "NumType":{
        "p":0.9873239437,
        "r":0.8569682152,
        "f":0.917539267
      },
      "Deixis":{
        "p":0.9892280072,
        "r":0.9168053245,
        "f":0.9516407599
      },
      "Abbr":{
        "p":1.0,
        "r":0.0147058824,
        "f":0.0289855072
      },
      "Polarity":{
        "p":1.0,
        "r":0.9612590799,
        "f":0.9802469136
      },
      "Typo":{
        "p":0.75,
        "r":0.1276595745,
        "f":0.2181818182
      },
      "Degree":{
        "p":1.0,
        "r":0.6571428571,
        "f":0.7931034483
      },
      "Clusivity":{
        "p":1.0,
        "r":0.9894179894,
        "f":0.9946808511
      },
      "PartType":{
        "p":1.0,
        "r":0.8611111111,
        "f":0.9253731343
      },
      "Polite":{
        "p":1.0,
        "r":1.0,
        "f":1.0
      }
    }
  },
  "tagger":{
    "tag_acc":0.9087464091
  },
  "parser":{
    "sents_p":0.9968051118,
    "sents_r":0.9980806142,
    "sents_f":0.9974424552,
    "dep_uas":0.8386826026,
    "dep_las":0.7737262904,
    "dep_las_per_type":{
      "root":{
        "p":0.8558616272,
        "r":0.8547664747,
        "f":0.8553137004
      },
      "advmod":{
        "p":0.8078277886,
        "r":0.8171021378,
        "f":0.8124384964
      },
      "case":{
        "p":0.9050703596,
        "r":0.9060822898,
        "f":0.905576042
      },
      "compound":{
        "p":0.4945054945,
        "r":0.1465798046,
        "f":0.2261306533
      },
      "obj":{
        "p":0.7387247278,
        "r":0.7916666667,
        "f":0.7642799678
      },
      "det":{
        "p":0.9532634972,
        "r":0.922417154,
        "f":0.9375866852
      },
      "nsubj":{
        "p":0.8028345144,
        "r":0.8443665059,
        "f":0.8230769231
      },
      "nmod:poss":{
        "p":0.8178096213,
        "r":0.7690086622,
        "f":0.7926587302
      },
      "obl":{
        "p":0.7144638404,
        "r":0.660518732,
        "f":0.6864330638
      },
      "cc":{
        "p":0.837804878,
        "r":0.837804878,
        "f":0.837804878
      },
      "conj":{
        "p":0.6666666667,
        "r":0.6508474576,
        "f":0.6586620926
      },
      "fixed":{
        "p":0.75,
        "r":0.7066666667,
        "f":0.7276887872
      },
      "amod":{
        "p":0.7814569536,
        "r":0.7672301691,
        "f":0.7742782152
      },
      "mark":{
        "p":0.8088435374,
        "r":0.7791612058,
        "f":0.7937249666
      },
      "acl:relcl":{
        "p":0.66487214,
        "r":0.66487214,
        "f":0.66487214
      },
      "nmod":{
        "p":0.533197556,
        "r":0.6314520019,
        "f":0.578180212
      },
      "ccomp":{
        "p":0.5482352941,
        "r":0.5943877551,
        "f":0.570379437
      },
      "advcl":{
        "p":0.4760348584,
        "r":0.5202380952,
        "f":0.4971558589
      },
      "flat":{
        "p":0.8244680851,
        "r":0.8434099154,
        "f":0.8338314405
      },
      "discourse":{
        "p":0.7744034707,
        "r":0.7515789474,
        "f":0.7628205128
      },
      "parataxis":{
        "p":0.2352941176,
        "r":0.4146341463,
        "f":0.3002207506
      },
      "nummod":{
        "p":0.8512820513,
        "r":0.8279301746,
        "f":0.8394437421
      },
      "obj:agent":{
        "p":0.8301630435,
        "r":0.8346994536,
        "f":0.8324250681
      },
      "dep":{
        "p":0.2298850575,
        "r":0.2469135802,
        "f":0.2380952381
      },
      "list":{
        "p":0.1333333333,
        "r":0.25,
        "f":0.1739130435
      },
      "compound:redup":{
        "p":0.4864864865,
        "r":0.4,
        "f":0.4390243902
      },
      "xcomp":{
        "p":0.6310679612,
        "r":0.5394190871,
        "f":0.581655481
      },
      "appos":{
        "p":0.5234042553,
        "r":0.6577540107,
        "f":0.5829383886
      },
      "acl":{
        "p":0.8333333333,
        "r":0.1,
        "f":0.1785714286
      },
      "dislocated":{
        "p":0.3888888889,
        "r":0.2658227848,
        "f":0.3157894737
      },
      "orphan":{
        "p":0.0,
        "r":0.0,
        "f":0.0
      },
      "vocative":{
        "p":0.1363636364,
        "r":0.2,
        "f":0.1621621622
      },
      "goeswith":{
        "p":0.0,
        "r":0.0,
        "f":0.0
      }
    }
  },
  "speed":6121.2551977436
}