{
  "tokenizer":{
    "token_acc":0.9977388853,
    "token_p":0.9312562401,
    "token_r":0.9697572014,
    "token_f":0.9501168434
  },
  "transformer":{

  },
  "trainable_lemmatizer":{
    "lemma_acc":0.9064676916
  },
  "morphologizer":{
    "pos_acc":0.9554007502,
    "morph_acc":0.9520993857,
    "morph_micro_p":0.9615769295,
    "morph_micro_r":0.9336408513,
    "morph_micro_f":0.9474029973,
    "morph_per_feat":{
      "Aspect":{
        "p":0.9273987596,
        "r":0.9036615713,
        "f":0.9153763054
      },
      "Mood":{
        "p":0.9467153285,
        "r":0.9221471738,
        "f":0.9342697641
      },
      "Voice":{
        "p":0.8266423358,
        "r":0.8060498221,
        "f":0.8162162162
      },
      "Case":{
        "p":0.9935658216,
        "r":0.9843192249,
        "f":0.9889209094
      },
      "Number":{
        "p":0.9934378418,
        "r":0.9919912632,
        "f":0.9927140255
      },
      "Person":{
        "p":0.9969016266,
        "r":0.9877206447,
        "f":0.9922898998
      },
      "PronType":{
        "p":0.9960159363,
        "r":0.9652509653,
        "f":0.9803921569
      },
      "NumType":{
        "p":0.9870689655,
        "r":0.8398533007,
        "f":0.9075297226
      },
      "Deixis":{
        "p":0.9856115108,
        "r":0.9118136439,
        "f":0.9472774417
      },
      "Abbr":{
        "p":1.0,
        "r":0.1102941176,
        "f":0.1986754967
      },
      "Polarity":{
        "p":1.0,
        "r":0.9588377724,
        "f":0.978986403
      },
      "Typo":{
        "p":0.875,
        "r":0.2978723404,
        "f":0.4444444444
      },
      "Degree":{
        "p":0.9230769231,
        "r":0.6857142857,
        "f":0.7868852459
      },
      "Clusivity":{
        "p":0.9947089947,
        "r":0.9947089947,
        "f":0.9947089947
      },
      "PartType":{
        "p":1.0,
        "r":0.8888888889,
        "f":0.9411764706
      },
      "Polite":{
        "p":1.0,
        "r":0.972972973,
        "f":0.9863013699
      }
    }
  },
  "tagger":{
    "tag_acc":0.9129164053
  },
  "parser":{
    "sents_p":0.9891857506,
    "sents_r":0.9948816379,
    "sents_f":0.9920255183,
    "dep_uas":0.8508105199,
    "dep_las":0.7902162425,
    "dep_las_per_type":{
      "root":{
        "p":0.8657289003,
        "r":0.8662827895,
        "f":0.8660057563
      },
      "advmod":{
        "p":0.8276422764,
        "r":0.8060174188,
        "f":0.8166867228
      },
      "case":{
        "p":0.9142988084,
        "r":0.8922182469,
        "f":0.9031235853
      },
      "compound":{
        "p":0.5529411765,
        "r":0.3061889251,
        "f":0.394129979
      },
      "obj":{
        "p":0.7802547771,
        "r":0.8166666667,
        "f":0.7980456026
      },
      "det":{
        "p":0.9576100121,
        "r":0.9247563353,
        "f":0.9408964697
      },
      "nsubj":{
        "p":0.8254918734,
        "r":0.8461201228,
        "f":0.8356787183
      },
      "nmod:poss":{
        "p":0.7690909091,
        "r":0.8142444658,
        "f":0.7910238429
      },
      "obl":{
        "p":0.7194117647,
        "r":0.7048991354,
        "f":0.7120815138
      },
      "cc":{
        "p":0.8872180451,
        "r":0.8634146341,
        "f":0.8751545117
      },
      "conj":{
        "p":0.7126823793,
        "r":0.7175141243,
        "f":0.7150900901
      },
      "fixed":{
        "p":0.7625570776,
        "r":0.7422222222,
        "f":0.7522522523
      },
      "amod":{
        "p":0.7372986369,
        "r":0.7737321196,
        "f":0.7550761421
      },
      "mark":{
        "p":0.8379661017,
        "r":0.8099606815,
        "f":0.8237254249
      },
      "acl:relcl":{
        "p":0.6806282723,
        "r":0.6998654105,
        "f":0.6901128069
      },
      "nmod":{
        "p":0.5842033591,
        "r":0.6208393632,
        "f":0.6019644528
      },
      "ccomp":{
        "p":0.5592105263,
        "r":0.6505102041,
        "f":0.6014150943
      },
      "advcl":{
        "p":0.5644599303,
        "r":0.5785714286,
        "f":0.5714285714
      },
      "flat":{
        "p":0.8504901961,
        "r":0.8391777509,
        "f":0.8447961047
      },
      "discourse":{
        "p":0.7957446809,
        "r":0.7873684211,
        "f":0.7915343915
      },
      "parataxis":{
        "p":0.3381642512,
        "r":0.4268292683,
        "f":0.3773584906
      },
      "nummod":{
        "p":0.8721227621,
        "r":0.8503740648,
        "f":0.8611111111
      },
      "obj:agent":{
        "p":0.8278580815,
        "r":0.8606557377,
        "f":0.8439383791
      },
      "dep":{
        "p":0.2196969697,
        "r":0.3580246914,
        "f":0.2723004695
      },
      "list":{
        "p":0.0697674419,
        "r":0.1875,
        "f":0.1016949153
      },
      "acl":{
        "p":0.16,
        "r":0.08,
        "f":0.1066666667
      },
      "compound:redup":{
        "p":0.4918032787,
        "r":0.6666666667,
        "f":0.5660377358
      },
      "xcomp":{
        "p":0.6298076923,
        "r":0.5435684647,
        "f":0.583518931
      },
      "appos":{
        "p":0.6009174312,
        "r":0.7005347594,
        "f":0.6469135802
      },
      "dislocated":{
        "p":0.2777777778,
        "r":0.253164557,
        "f":0.2649006623
      },
      "vocative":{
        "p":0.7692307692,
        "r":0.6666666667,
        "f":0.7142857143
      },
      "goeswith":{
        "p":0.0,
        "r":0.0,
        "f":0.0
      },
      "orphan":{
        "p":0.0,
        "r":0.0,
        "f":0.0
      }
    }
  },
  "speed":4542.6495496322
}