{
  "tokenizer":{
    "token_acc":0.9977388853,
    "token_p":0.9312562401,
    "token_r":0.9697572014,
    "token_f":0.9501168434
  },
  "transformer":{

  },
  "trainable_lemmatizer":{
    "lemma_acc":0.9045217078
  },
  "morphologizer":{
    "pos_acc":0.9572539653,
    "morph_acc":0.9561261068,
    "morph_micro_p":0.9655086228,
    "morph_micro_r":0.9378489925,
    "morph_micro_f":0.9514778325,
    "morph_per_feat":{
      "Aspect":{
        "p":0.9392285298,
        "r":0.9175257732,
        "f":0.9282503147
      },
      "Mood":{
        "p":0.9519475792,
        "r":0.9296125133,
        "f":0.940647482
      },
      "Voice":{
        "p":0.8408594319,
        "r":0.8217081851,
        "f":0.8311735061
      },
      "Case":{
        "p":0.993818416,
        "r":0.983809281,
        "f":0.9887885194
      },
      "Number":{
        "p":0.9937933552,
        "r":0.9908991627,
        "f":0.9923441487
      },
      "Person":{
        "p":0.998447205,
        "r":0.986953185,
        "f":0.992666924
      },
      "PronType":{
        "p":0.9970164097,
        "r":0.9676640927,
        "f":0.9821209895
      },
      "NumType":{
        "p":0.9886524823,
        "r":0.8520782396,
        "f":0.9152987525
      },
      "Deixis":{
        "p":0.9892857143,
        "r":0.921797005,
        "f":0.9543496985
      },
      "Abbr":{
        "p":1.0,
        "r":0.0514705882,
        "f":0.0979020979
      },
      "Polarity":{
        "p":1.0,
        "r":0.9418886199,
        "f":0.970074813
      },
      "Typo":{
        "p":0.8571428571,
        "r":0.3829787234,
        "f":0.5294117647
      },
      "Degree":{
        "p":0.962962963,
        "r":0.7428571429,
        "f":0.8387096774
      },
      "Clusivity":{
        "p":0.9946236559,
        "r":0.9788359788,
        "f":0.9866666667
      },
      "PartType":{
        "p":1.0,
        "r":0.8333333333,
        "f":0.9090909091
      },
      "Polite":{
        "p":1.0,
        "r":1.0,
        "f":1.0
      }
    }
  },
  "tagger":{
    "tag_acc":0.9168694056
  },
  "parser":{
    "sents_p":0.9790874525,
    "sents_r":0.9884836852,
    "sents_f":0.9837631328,
    "dep_uas":0.8637807851,
    "dep_las":0.8058550326,
    "dep_las_per_type":{
      "root":{
        "p":0.8629441624,
        "r":0.8701215611,
        "f":0.8665179994
      },
      "advmod":{
        "p":0.8224736637,
        "r":0.8345209818,
        "f":0.8284535272
      },
      "case":{
        "p":0.9166666667,
        "r":0.9002683363,
        "f":0.9083935018
      },
      "compound":{
        "p":0.4898989899,
        "r":0.3159609121,
        "f":0.3841584158
      },
      "obj":{
        "p":0.8277591973,
        "r":0.825,
        "f":0.8263772955
      },
      "det":{
        "p":0.9568896052,
        "r":0.9259259259,
        "f":0.9411531603
      },
      "nsubj":{
        "p":0.8425730004,
        "r":0.8728627795,
        "f":0.8574504737
      },
      "nmod:poss":{
        "p":0.8336633663,
        "r":0.8103946102,
        "f":0.8218643241
      },
      "obl":{
        "p":0.7468805704,
        "r":0.7244956772,
        "f":0.7355178467
      },
      "cc":{
        "p":0.8986232791,
        "r":0.8756097561,
        "f":0.8869672637
      },
      "conj":{
        "p":0.7123595506,
        "r":0.7163841808,
        "f":0.7143661972
      },
      "fixed":{
        "p":0.7539503386,
        "r":0.7422222222,
        "f":0.7480403135
      },
      "amod":{
        "p":0.7739463602,
        "r":0.7880364109,
        "f":0.7809278351
      },
      "mark":{
        "p":0.8473895582,
        "r":0.8296199214,
        "f":0.838410596
      },
      "acl:relcl":{
        "p":0.7144772118,
        "r":0.7173620458,
        "f":0.7159167226
      },
      "nmod":{
        "p":0.6230414747,
        "r":0.6521948866,
        "f":0.6372849399
      },
      "ccomp":{
        "p":0.6626213592,
        "r":0.6964285714,
        "f":0.6791044776
      },
      "advcl":{
        "p":0.5924276169,
        "r":0.6333333333,
        "f":0.6121979287
      },
      "flat":{
        "p":0.8218623482,
        "r":0.8591293833,
        "f":0.8400827668
      },
      "dep":{
        "p":0.27,
        "r":0.3333333333,
        "f":0.2983425414
      },
      "discourse":{
        "p":0.834422658,
        "r":0.8063157895,
        "f":0.8201284797
      },
      "parataxis":{
        "p":0.3212669683,
        "r":0.4329268293,
        "f":0.3688311688
      },
      "nummod":{
        "p":0.8618925831,
        "r":0.8403990025,
        "f":0.851010101
      },
      "appos":{
        "p":0.5700934579,
        "r":0.6524064171,
        "f":0.608478803
      },
      "obj:agent":{
        "p":0.8701472557,
        "r":0.8879781421,
        "f":0.8789722786
      },
      "list":{
        "p":0.1219512195,
        "r":0.3125,
        "f":0.1754385965
      },
      "xcomp":{
        "p":0.6477732794,
        "r":0.6639004149,
        "f":0.6557377049
      },
      "compound:redup":{
        "p":0.5813953488,
        "r":0.5555555556,
        "f":0.5681818182
      },
      "acl":{
        "p":0.3,
        "r":0.06,
        "f":0.1
      },
      "dislocated":{
        "p":0.3454545455,
        "r":0.2405063291,
        "f":0.2835820896
      },
      "vocative":{
        "p":0.6428571429,
        "r":0.6,
        "f":0.6206896552
      },
      "orphan":{
        "p":0.0,
        "r":0.0,
        "f":0.0
      },
      "goeswith":{
        "p":0.0,
        "r":0.0,
        "f":0.0
      }
    }
  },
  "speed":4009.7303083371
}