{
  "tokenizer":{
    "token_acc":0.9977388853,
    "token_p":0.9312562401,
    "token_r":0.9697572014,
    "token_f":0.9501168434
  },
  "tok2vec":{

  },
  "trainable_lemmatizer":{
    "lemma_acc":0.8953776403
  },
  "morphologizer":{
    "pos_acc":0.943179732,
    "morph_acc":0.9432374541,
    "morph_micro_p":0.9511396496,
    "morph_micro_r":0.9050335842,
    "morph_micro_f":0.9275139954,
    "morph_per_feat":{
      "Aspect":{
        "p":0.8719629772,
        "r":0.803768219,
        "f":0.8364779874
      },
      "Mood":{
        "p":0.9172467131,
        "r":0.8432278706,
        "f":0.8786812373
      },
      "Voice":{
        "p":0.8080924855,
        "r":0.7462633452,
        "f":0.7759481961
      },
      "Case":{
        "p":0.9936912579,
        "r":0.983936767,
        "f":0.9887899558
      },
      "Number":{
        "p":0.9934282585,
        "r":0.9905351292,
        "f":0.9919795844
      },
      "Person":{
        "p":0.9976671851,
        "r":0.9846508058,
        "f":0.9911162611
      },
      "PronType":{
        "p":0.995490982,
        "r":0.958976834,
        "f":0.976892822
      },
      "NumType":{
        "p":0.9832167832,
        "r":0.8594132029,
        "f":0.9171559035
      },
      "Deixis":{
        "p":0.9872262774,
        "r":0.9001663894,
        "f":0.9416884247
      },
      "Abbr":{
        "p":1.0,
        "r":0.0955882353,
        "f":0.1744966443
      },
      "Polarity":{
        "p":1.0,
        "r":0.9515738499,
        "f":0.9751861042
      },
      "Typo":{
        "p":0.6923076923,
        "r":0.1914893617,
        "f":0.3
      },
      "Degree":{
        "p":0.9,
        "r":0.5142857143,
        "f":0.6545454545
      },
      "Clusivity":{
        "p":0.9946524064,
        "r":0.9841269841,
        "f":0.9893617021
      },
      "PartType":{
        "p":1.0,
        "r":1.0,
        "f":1.0
      },
      "Polite":{
        "p":1.0,
        "r":0.7837837838,
        "f":0.8787878788
      }
    }
  },
  "tagger":{
    "tag_acc":0.8968867435
  },
  "parser":{
    "sents_p":0.9923518164,
    "sents_r":0.9961612284,
    "sents_f":0.9942528736,
    "dep_uas":0.8242859781,
    "dep_las":0.753683788,
    "dep_las_per_type":{
      "root":{
        "p":0.8363171355,
        "r":0.8368522073,
        "f":0.8365845859
      },
      "advmod":{
        "p":0.7951710262,
        "r":0.7822644497,
        "f":0.7886649371
      },
      "case":{
        "p":0.8952573612,
        "r":0.8906529517,
        "f":0.8929492209
      },
      "compound":{
        "p":0.3859649123,
        "r":0.2149837134,
        "f":0.2761506276
      },
      "obj":{
        "p":0.6983894583,
        "r":0.795,
        "f":0.7435697584
      },
      "det":{
        "p":0.9509449136,
        "r":0.9220272904,
        "f":0.9362628662
      },
      "nsubj":{
        "p":0.8061981667,
        "r":0.8097325734,
        "f":0.8079615048
      },
      "nmod:poss":{
        "p":0.7828282828,
        "r":0.7459095284,
        "f":0.7639231148
      },
      "obl":{
        "p":0.6862373737,
        "r":0.6265129683,
        "f":0.6550165713
      },
      "cc":{
        "p":0.8451053284,
        "r":0.8317073171,
        "f":0.8383527966
      },
      "conj":{
        "p":0.6119909502,
        "r":0.611299435,
        "f":0.6116449972
      },
      "fixed":{
        "p":0.6987704918,
        "r":0.7577777778,
        "f":0.7270788913
      },
      "amod":{
        "p":0.7179487179,
        "r":0.7282184655,
        "f":0.7230471272
      },
      "mark":{
        "p":0.7995896033,
        "r":0.7660550459,
        "f":0.7824631861
      },
      "acl:relcl":{
        "p":0.6102314251,
        "r":0.6742934051,
        "f":0.6406649616
      },
      "nmod":{
        "p":0.5092326631,
        "r":0.5986493005,
        "f":0.5503325942
      },
      "ccomp":{
        "p":0.5793871866,
        "r":0.5306122449,
        "f":0.5539280959
      },
      "advcl":{
        "p":0.4510978044,
        "r":0.5380952381,
        "f":0.4907709012
      },
      "flat":{
        "p":0.8125,
        "r":0.8331318017,
        "f":0.8226865672
      },
      "discourse":{
        "p":0.7802197802,
        "r":0.7473684211,
        "f":0.7634408602
      },
      "parataxis":{
        "p":0.2590909091,
        "r":0.3475609756,
        "f":0.296875
      },
      "nummod":{
        "p":0.7611607143,
        "r":0.8503740648,
        "f":0.8032979976
      },
      "obj:agent":{
        "p":0.8037249284,
        "r":0.7663934426,
        "f":0.7846153846
      },
      "dep":{
        "p":0.0775193798,
        "r":0.1234567901,
        "f":0.0952380952
      },
      "compound:redup":{
        "p":0.4680851064,
        "r":0.4888888889,
        "f":0.4782608696
      },
      "xcomp":{
        "p":0.6770186335,
        "r":0.4522821577,
        "f":0.5422885572
      },
      "appos":{
        "p":0.575,
        "r":0.4919786096,
        "f":0.530259366
      },
      "acl":{
        "p":0.2222222222,
        "r":0.04,
        "f":0.0677966102
      },
      "list":{
        "p":0.0793650794,
        "r":0.3125,
        "f":0.1265822785
      },
      "vocative":{
        "p":0.3333333333,
        "r":0.4,
        "f":0.3636363636
      },
      "dislocated":{
        "p":0.2089552239,
        "r":0.1772151899,
        "f":0.1917808219
      },
      "goeswith":{
        "p":0.0,
        "r":0.0,
        "f":0.0
      },
      "orphan":{
        "p":0.0,
        "r":0.0,
        "f":0.0
      }
    }
  },
  "speed":3646.9643308178
}