{
  "tokenizer":{
    "token_acc":0.9977388853,
    "token_p":0.9312562401,
    "token_r":0.9697572014,
    "token_f":0.9501168434
  },
  "transformer":{

  },
  "trainable_lemmatizer":{
    "lemma_acc":0.9106359978
  },
  "morphologizer":{
    "pos_acc":0.9570597243,
    "morph_acc":0.9540092533,
    "morph_micro_p":0.9633923377,
    "morph_micro_r":0.9381322327,
    "morph_micro_f":0.9505945059,
    "morph_per_feat":{
      "Aspect":{
        "p":0.9357764877,
        "r":0.9168147885,
        "f":0.9261985994
      },
      "Mood":{
        "p":0.9484573503,
        "r":0.9289015286,
        "f":0.9385775862
      },
      "Voice":{
        "p":0.8292771522,
        "r":0.812455516,
        "f":0.8207801546
      },
      "Case":{
        "p":0.9939542063,
        "r":0.9850841407,
        "f":0.9894992957
      },
      "Number":{
        "p":0.9941669705,
        "r":0.9927193302,
        "f":0.993442623
      },
      "Person":{
        "p":0.9984520124,
        "r":0.9900230238,
        "f":0.9942196532
      },
      "PronType":{
        "p":0.9960278054,
        "r":0.9681467181,
        "f":0.9818893784
      },
      "NumType":{
        "p":0.9914772727,
        "r":0.8533007335,
        "f":0.9172141919
      },
      "Deixis":{
        "p":0.9910071942,
        "r":0.9168053245,
        "f":0.9524632671
      },
      "Abbr":{
        "p":1.0,
        "r":0.1176470588,
        "f":0.2105263158
      },
      "Polarity":{
        "p":1.0,
        "r":0.9636803874,
        "f":0.9815043157
      },
      "Typo":{
        "p":0.6923076923,
        "r":0.3829787234,
        "f":0.4931506849
      },
      "Degree":{
        "p":1.0,
        "r":0.8285714286,
        "f":0.90625
      },
      "Clusivity":{
        "p":1.0,
        "r":0.9947089947,
        "f":0.9973474801
      },
      "PartType":{
        "p":1.0,
        "r":0.75,
        "f":0.8571428571
      },
      "Polite":{
        "p":1.0,
        "r":0.9459459459,
        "f":0.9722222222
      }
    }
  },
  "tagger":{
    "tag_acc":0.9148910115
  },
  "parser":{
    "sents_p":0.993622449,
    "sents_r":0.9968010237,
    "sents_f":0.9952091983,
    "dep_uas":0.8693093941,
    "dep_las":0.8106946845,
    "dep_las_per_type":{
      "root":{
        "p":0.8814862268,
        "r":0.8803582853,
        "f":0.880921895
      },
      "advmod":{
        "p":0.8196017181,
        "r":0.8309580364,
        "f":0.8252408099
      },
      "case":{
        "p":0.9176738883,
        "r":0.8998211091,
        "f":0.9086598171
      },
      "compound":{
        "p":0.4761904762,
        "r":0.2605863192,
        "f":0.3368421053
      },
      "obj":{
        "p":0.8035714286,
        "r":0.825,
        "f":0.8141447368
      },
      "det":{
        "p":0.9609814964,
        "r":0.9313840156,
        "f":0.9459512968
      },
      "nsubj":{
        "p":0.8617432374,
        "r":0.8798772468,
        "f":0.8707158351
      },
      "nmod:poss":{
        "p":0.8235867446,
        "r":0.8132820019,
        "f":0.818401937
      },
      "obl":{
        "p":0.764031382,
        "r":0.7296829971,
        "f":0.7464622642
      },
      "cc":{
        "p":0.8917910448,
        "r":0.8743902439,
        "f":0.8830049261
      },
      "conj":{
        "p":0.7625,
        "r":0.7581920904,
        "f":0.7603399433
      },
      "fixed":{
        "p":0.7409766454,
        "r":0.7755555556,
        "f":0.7578718784
      },
      "amod":{
        "p":0.7723785166,
        "r":0.7854356307,
        "f":0.7788523533
      },
      "mark":{
        "p":0.8618556701,
        "r":0.8217562254,
        "f":0.8413284133
      },
      "acl:relcl":{
        "p":0.7434210526,
        "r":0.7604306864,
        "f":0.751829674
      },
      "nmod":{
        "p":0.6211635364,
        "r":0.6541244573,
        "f":0.6372180451
      },
      "ccomp":{
        "p":0.7178082192,
        "r":0.6683673469,
        "f":0.6922060766
      },
      "advcl":{
        "p":0.5882352941,
        "r":0.630952381,
        "f":0.6088454911
      },
      "flat":{
        "p":0.8613801453,
        "r":0.8603385732,
        "f":0.8608590442
      },
      "dep":{
        "p":0.1748251748,
        "r":0.3086419753,
        "f":0.2232142857
      },
      "discourse":{
        "p":0.8509719222,
        "r":0.8294736842,
        "f":0.8400852878
      },
      "parataxis":{
        "p":0.341563786,
        "r":0.506097561,
        "f":0.4078624079
      },
      "nummod":{
        "p":0.8592964824,
        "r":0.8528678304,
        "f":0.8560700876
      },
      "obj:agent":{
        "p":0.8331193838,
        "r":0.8866120219,
        "f":0.8590337525
      },
      "appos":{
        "p":0.6067961165,
        "r":0.6684491979,
        "f":0.6361323155
      },
      "compound:redup":{
        "p":0.7,
        "r":0.7777777778,
        "f":0.7368421053
      },
      "xcomp":{
        "p":0.6239316239,
        "r":0.6058091286,
        "f":0.6147368421
      },
      "acl":{
        "p":0.32,
        "r":0.16,
        "f":0.2133333333
      },
      "list":{
        "p":0.119047619,
        "r":0.3125,
        "f":0.1724137931
      },
      "dislocated":{
        "p":0.2807017544,
        "r":0.2025316456,
        "f":0.2352941176
      },
      "vocative":{
        "p":0.9166666667,
        "r":0.7333333333,
        "f":0.8148148148
      },
      "goeswith":{
        "p":0.0,
        "r":0.0,
        "f":0.0
      },
      "orphan":{
        "p":0.0,
        "r":0.0,
        "f":0.0
      }
    }
  },
  "speed":3562.933272956
}